"DESCRIPTION","DURATION IN MS","NAME","PARENT SUITE","START TIME","STATUS","STOP TIME","SUB SUITE","SUITE","TEST CLASS","TEST METHOD"
"","22547","Create Scheduled Visit","chromium","2026-09-18","passed","2026-09-18","Calendar Tests","03_CalendarTests.spec.js","",""
"","156352","Navigate to Forms, enable start with previous values for Completed form for POC, create and submit form from Timeline, then verify saved values","chromium","2026-09-18","passed","2026-09-18","Timeline Tests","08_TimelinePageTests.spec.js","",""
"","10042","Navigate to customers tab and download customers file by button id","chromium","2026-09-18","passed","2026-09-18","Customer Page Tests","05_CustomersPageTests.spec.js","",""
"","54565","Navigate to product fields, remove P1-P4, save and verify removed","chromium","2026-09-18","passed","2026-09-18","Product Custom Fields Tests","10_ProductCustomFieldsTests.spec.js","",""
"","12162","Verify Price Lists for Product100","chromium","2026-09-18","passed","2026-09-18","Product Import Tests","04_ProductPageTests.spec.js","",""
"","28259","Import model stocks then verify product3 and product4 values for customer2","chromium","2026-09-18","passed","2026-09-18","Customer Page Tests","05_CustomersPageTests.spec.js","",""
"","70915","Toggle Account Manager Customers Add/Activate-Deactivate/Export permissions and verify the Customers page reflects them","chromium","2026-09-18","passed","2026-09-18","User Roles Tests","15_UserRolesTests.spec.js","",""
"","50625","Disable enable deals and deal groups, create quote, add product1, and verify deals section not visible","chromium","2026-09-18","passed","2026-09-18","Timeline Tests","08_TimelinePageTests.spec.js","",""
"","31174","Login, open Settings Edit Configuration, set all email fields, and save","chromium","2026-09-18","passed","2026-09-18","Data Prep Tests","01_DataPrep.spec.js","",""
"","16473","Navigate to Forms, open newstandaloneform, change form type back to Standalone form, save and verify form type changed","chromium","2026-09-18","passed","2026-09-18","Forms Page Tests","07_FormsPageTests.spec.js","",""
"","89791","Enable overall discount, create order with customer1, add products 1/2/7, set overall discount to 5, and click Next","chromium","2026-09-18","passed","2026-09-18","Timeline Tests","08_TimelinePageTests.spec.js","",""
"","53645","Enable overall discount, create order with customer1 and product1, and verify overall-discount input exists","chromium","2026-09-18","passed","2026-09-18","Timeline Tests","08_TimelinePageTests.spec.js","",""
"","30447","Set 1Deci(10.9%) as default tax rate, save by id, create customer order, add product5 qty 1, and verify tax summary","chromium","2026-09-18","passed","2026-09-18","Tax Rates Page Tests","11_TaxRatesPageTests.spec.js","",""
"","33405","Add testwarehouse and verify it appears in the order warehouse dropdown for customer2","chromium","2026-09-18","passed","2026-09-18","Warehouse Tests","14_warehouse.spec.js","",""
"","8820","Login, navigate to Settings, click Imports tab, select Import Customers, and click Download Template by id","chromium","2026-09-18","passed","2026-09-18","Imports Page Tests","12_ImportsPageTests.spec.js","",""
"","27712","Import Deal Groups and Verify for Product100","chromium","2026-09-18","passed","2026-09-18","Product Import Tests","04_ProductPageTests.spec.js","",""
"","37114","Add client credential, copy token, rotate and delete","chromium","2026-09-18","passed","2026-09-18","Integration Token Tests","13_integrationToken.spec.js","",""
"","11936","Delete Scheduled Visit","chromium","2026-09-18","passed","2026-09-18","Calendar Tests","03_CalendarTests.spec.js","",""
"","36758","Toggle Account Manager ""See full list of customers"" and verify the inactive customer list reflects it","chromium","2026-09-18","passed","2026-09-18","User Roles Tests","15_UserRolesTests.spec.js","",""
"","26226","Set packaging option labels + global default, verify saved, and verify product5 order unit labels","chromium","2026-09-18","passed","2026-09-18","Edit Packaging Options Tests","16_EditPackagingOptionsTests.spec.js","",""
"","25937","Add integration API token, verify added, masked after refresh, then delete","chromium","2026-09-18","passed","2026-09-18","Integration Token Tests","13_integrationToken.spec.js","",""
"","35388","Verify Deal Group Detail Rows for Product100","chromium","2026-09-18","passed","2026-09-18","Product Import Tests","04_ProductPageTests.spec.js","",""
"","11664","Delete Task","chromium","2026-09-18","passed","2026-09-18","Calendar Tests","03_CalendarTests.spec.js","",""
"","31837","Assign and remove Contract2 deal group for customer2","chromium","2026-09-18","passed","2026-09-18","Customer Page Tests","05_CustomersPageTests.spec.js","",""
"","14086","Move C3 field up, then rename C2 to ""rename C2 to C3"" and save","chromium","2026-09-18","passed","2026-09-18","Customer Custom Fields Tests","09_CustomerCustomFieldsTests.spec.js","",""
"","33063","Toggle Account Manager ""Merge customers"" permission and verify the merge button on the Customers page","chromium","2026-09-18","passed","2026-09-18","User Roles Tests","15_UserRolesTests.spec.js","",""
"","37660","Disable overall discount, save configuration, open customer1, and verify overall discount element does not exist by id","chromium","2026-09-18","passed","2026-09-18","Timeline Tests","08_TimelinePageTests.spec.js","",""
"","14521","Navigate to Forms, open POC form results, select the latest result and verify form values are populated","chromium","2026-09-18","passed","2026-09-18","Forms Page Tests","07_FormsPageTests.spec.js","",""
"","25471","Delete custom fields C1, C3, ""rename C2 to C3"", C4 via delete bin and save","chromium","2026-09-18","passed","2026-09-18","Customer Custom Fields Tests","09_CustomerCustomFieldsTests.spec.js","",""
"","27245","Edit product3 order unit: set Drop Down Box Single Select to Option 1 and inner quantity to 10, save and verify","chromium","2026-09-18","passed","2026-09-18","Customer Custom Fields Tests","09_CustomerCustomFieldsTests.spec.js","",""
"","27435","Navigate to settings, enable deals and deal groups if needed, and save configuration","chromium","2026-09-18","passed","2026-09-18","Timeline Tests","08_TimelinePageTests.spec.js","",""
"","14297","Navigate to Forms, reactivate newstandaloneform, filter active and verify reactivated form","chromium","2026-09-18","passed","2026-09-18","Forms Page Tests","07_FormsPageTests.spec.js","",""
"","15750","Verify custom field filters C1-C4 are visible on customers page","chromium","2026-09-18","passed","2026-09-18","Customer Custom Fields Tests","09_CustomerCustomFieldsTests.spec.js","",""
"","22808","Search for customer2 and remove phillip stg2 from assigned users","chromium","2026-09-18","passed","2026-09-18","Customer Page Tests","05_CustomersPageTests.spec.js","",""
"","29244","Duplicate the Field Rep role, create it, verify it is created correctly, then delete it","chromium","2026-09-18","passed","2026-09-18","User Roles Tests","15_UserRolesTests.spec.js","",""
"","39189","Enable overall discount and customer default discount, Verify that the customer discount shows 5% in a customer","chromium","2026-09-18","passed","2026-09-18","Timeline Tests","08_TimelinePageTests.spec.js","",""
"","39765","Verify custom field filters P1-P4 are visible on products page","chromium","2026-09-18","passed","2026-09-18","Product Custom Fields Tests","10_ProductCustomFieldsTests.spec.js","",""
"","66249","Create order for customer2, use pack-size edit quantity popup, place order and verify on timeline","chromium","2026-09-18","passed","2026-09-18","Edit Packaging Options Tests","16_EditPackagingOptionsTests.spec.js","",""
"","55874","Navigate to settings, add dropdown customer fields, set titles C1-C4, enable filter flag, save and verify","chromium","2026-09-18","passed","2026-09-18","Customer Custom Fields Tests","09_CustomerCustomFieldsTests.spec.js","",""
"","34995","Add New Customer with Cape Town Location and Verify","chromium","2026-09-18","passed","2026-09-18","Customer Page Tests","05_CustomersPageTests.spec.js","",""
"","21662","Search for Customer2 and assign phillip stg2 to assigned users","chromium","2026-09-18","passed","2026-09-18","Customer Page Tests","05_CustomersPageTests.spec.js","",""
"","52561","Navigate to settings, add dropdown product fields, set titles P1-P4, enable filter flag, save and verify","chromium","2026-09-18","passed","2026-09-18","Product Custom Fields Tests","10_ProductCustomFieldsTests.spec.js","",""
"","19432","Import customers from NewCustomerImport.xlsx, navigate to Customers page, search NewCustomerAdded and verify customer is found","chromium","2026-09-18","passed","2026-09-18","Imports Page Tests","12_ImportsPageTests.spec.js","",""
"","20390","Set product5 order unit quantities and verify they are saved correctly","chromium","2026-09-18","passed","2026-09-18","Edit Packaging Options Tests","16_EditPackagingOptionsTests.spec.js","",""
"","12028","Delete automationTestRole and verify it no longer appears in phillip stg3 user role dropdown","chromium","2026-09-18","passed","2026-09-18","User Roles Tests","15_UserRolesTests.spec.js","",""
"","18844","Navigate to contacts, filter inactive, search Contactpage, reactivate contact, filter active contacts, and verify reactivated","chromium","2026-09-18","passed","2026-09-18","Contact Page Tests","06_ContactPageTests.spec.js","",""
"","22730","Deactivate customer12 and verify under inactive customers list","chromium","2026-09-18","passed","2026-09-18","Customer Page Tests","05_CustomersPageTests.spec.js","",""
"","23388","Navigate to customer fields, uncheck can filter for C1-C4, save and verify unchecked","chromium","2026-09-18","passed","2026-09-18","Customer Custom Fields Tests","09_CustomerCustomFieldsTests.spec.js","",""
"","54527","Disable overall discount, create order with customer1 and product1, and verify overall-discount input does not exist","chromium","2026-09-18","passed","2026-09-18","Timeline Tests","08_TimelinePageTests.spec.js","",""
"","35130","Disable deals and deal groups, navigate to customers, search customer1, and verify pricing groups select not exists","chromium","2026-09-18","passed","2026-09-18","Timeline Tests","08_TimelinePageTests.spec.js","",""
"","32686","Delete testwarehouse and verify it is removed and no longer in the order dropdown","chromium","2026-09-18","passed","2026-09-18","Warehouse Tests","14_warehouse.spec.js","",""
"","20346","Remove Option 1 enum from C1 single select custom field and save","chromium","2026-09-18","passed","2026-09-18","Customer Custom Fields Tests","09_CustomerCustomFieldsTests.spec.js","",""
"","48311","Toggle Account Manager Products and order units permissions and verify Products controls","chromium","2026-09-18","passed","2026-09-18","User Roles Tests","15_UserRolesTests.spec.js","",""
"","33648","Deactivate contact from customer2 and verify it is removed","chromium","2026-09-18","passed","2026-09-18","Customer Page Tests","05_CustomersPageTests.spec.js","",""
"","8258","Login, navigate to Settings, click Imports tab, select Import Customers, and click Download All by id","chromium","2026-09-18","passed","2026-09-18","Imports Page Tests","12_ImportsPageTests.spec.js","",""
"","19950","Add contact to customer2 and verify contact details","chromium","2026-09-18","passed","2026-09-18","Customer Page Tests","05_CustomersPageTests.spec.js","",""
"","12032","Navigate to contacts, search Contactpage, deactivate contact, filter inactive contacts, and verify deactivated","chromium","2026-09-18","passed","2026-09-18","Contact Page Tests","06_ContactPageTests.spec.js","",""
"","9802","Navigate to Forms, filter form type by order, and verify only order forms are displayed","chromium","2026-09-18","passed","2026-09-18","Forms Page Tests","07_FormsPageTests.spec.js","",""
"","86330","Create order for customer1, add products 1/2/7, verify quantities, place order, and verify order summary","chromium","2026-09-18","passed","2026-09-18","Timeline Tests","08_TimelinePageTests.spec.js","",""
"","37391","Set product5 default price list tax rate to automationtestrate, save by id, create order, add qty 1, and verify Tax (2%) summary","chromium","2026-09-18","passed","2026-09-18","Tax Rates Page Tests","11_TaxRatesPageTests.spec.js","",""
"","26238","Upload customer2 file and rename it","chromium","2026-09-18","passed","2026-09-18","Customer Page Tests","05_CustomersPageTests.spec.js","",""
"","15648","Navigate to Forms, open newstandaloneform, change form type to Order, save and verify form type changed","chromium","2026-09-18","passed","2026-09-18","Forms Page Tests","07_FormsPageTests.spec.js","",""
"","14548","Filter by assigned to phillip stg3 and reset filters","chromium","2026-09-18","passed","2026-09-18","Customer Page Tests","05_CustomersPageTests.spec.js","",""
"","68461","Create order for customer1 with product1, place order, and verify it in Order Listing report","chromium","2026-09-18","passed","2026-09-18","Reports Page Tests","17_ReportsPageTests.spec.js","",""
"","18816","Navigate to Timeline, fill in newstandaloneform for a customer and verify all form fields","chromium","2026-09-18","passed","2026-09-18","Forms Page Tests","07_FormsPageTests.spec.js","",""
"","25096","Remove packaging option labels and verify product5 order unit labels revert to defaults","chromium","2026-09-18","passed","2026-09-18","Edit Packaging Options Tests","16_EditPackagingOptionsTests.spec.js","",""
"","10356","Verify Deal Groups Side Tab for Product100","chromium","2026-09-18","passed","2026-09-18","Product Import Tests","04_ProductPageTests.spec.js","",""
"","67357","Set product pricing decimals to 3, create order for customer1, verify list price, then reset to 4","chromium","2026-09-18","passed","2026-09-18","Timeline Tests","08_TimelinePageTests.spec.js","",""
"","14364","Navigate to contacts tab using element id, add a contact, and verify it is created","chromium","2026-09-18","passed","2026-09-18","Contact Page Tests","06_ContactPageTests.spec.js","",""
"","9812","Login and add tax rate automationtestrate with rate 2 then click create by id","chromium","2026-09-18","passed","2026-09-18","Tax Rates Page Tests","11_TaxRatesPageTests.spec.js","",""
"","27180","Add Product113 and Create UI Pricelist Inclusive of Tax","chromium","2026-09-18","passed","2026-09-18","Product Import Tests","04_ProductPageTests.spec.js","",""
"","29535","Navigate to Forms, add a form with all field types, verify questions and configurations defaults","chromium","2026-09-18","passed","2026-09-18","Forms Page Tests","07_FormsPageTests.spec.js","",""
"","22136","Navigate to product fields, uncheck can filter for P1-P4, save and verify unchecked","chromium","2026-09-18","passed","2026-09-18","Product Custom Fields Tests","10_ProductCustomFieldsTests.spec.js","",""
"","18355","Navigate to Forms, select New form, rename it in Questions tab, save and verify name changed","chromium","2026-09-18","passed","2026-09-18","Forms Page Tests","07_FormsPageTests.spec.js","",""
"","16298","Import customers from FailingNewCustomerImport.xlsx, verify partial import results page, export successful and problem lines, then cancel import","chromium","2026-09-18","passed","2026-09-18","Imports Page Tests","12_ImportsPageTests.spec.js","",""
"","92918","Enable overall discount and customer default discount, create order with customer1, add products 1/2/7, verify overall-discount is 5, and click Next","chromium","2026-09-18","passed","2026-09-18","Timeline Tests","08_TimelinePageTests.spec.js","",""
"","30849","Open customer1 report card and targets using side menu ids","chromium","2026-09-18","passed","2026-09-18","Customer Page Tests","05_CustomersPageTests.spec.js","",""
"","31826","Import Products and Verify Order Unit","chromium","2026-09-18","passed","2026-09-18","Product Import Tests","04_ProductPageTests.spec.js","",""
"","54452","Disable order requires warehouse, create quote, clear warehouse, add product, and verify Next is clickable","chromium","2026-09-18","passed","2026-09-18","Timeline Tests","08_TimelinePageTests.spec.js","",""
"","13861","Navigate to Forms, deactivate newstandaloneform, filter inactive and verify deactivated form","chromium","2026-09-18","passed","2026-09-18","Forms Page Tests","07_FormsPageTests.spec.js","",""
"","56697","Change base currency to USD, verify on settings and timeline, then reset to ZAR","chromium","2026-09-18","passed","2026-09-18","Timeline Tests","08_TimelinePageTests.spec.js","",""
"","13263","Navigate to customers, switch to map view and find newCustomer1 pin","chromium","2026-09-18","passed","2026-09-18","Customer Page Tests","05_CustomersPageTests.spec.js","",""
"","48823","Enable order requires warehouse, create quote, clear warehouse, and verify Next is disabled","chromium","2026-09-18","passed","2026-09-18","Timeline Tests","08_TimelinePageTests.spec.js","",""
"","23525","Add automationTestRole with all permissions and verify it appears in phillip stg3 user role dropdown","chromium","2026-09-18","passed","2026-09-18","User Roles Tests","15_UserRolesTests.spec.js","",""
"","50104","Enable deals and deal groups, create quote, add product1, and verify deals section visible","chromium","2026-09-18","passed","2026-09-18","Timeline Tests","08_TimelinePageTests.spec.js","",""
"","8648","Successful Login","chromium","2026-09-18","passed","2026-09-18","Login Tests","02_LoginTests.spec.js","",""
"","23919","Create Task","chromium","2026-09-18","passed","2026-09-18","Calendar Tests","03_CalendarTests.spec.js","",""
"","26591","Import Stock Levels and Verify for Product100","chromium","2026-09-18","passed","2026-09-18","Product Import Tests","04_ProductPageTests.spec.js","",""
"","64339","Navigate to Forms, open POC form results, download xlsx and download with images, and verify downloads succeed","chromium","2026-09-18","passed","2026-09-18","Forms Page Tests","07_FormsPageTests.spec.js","",""
